mes,V120_media,V120_p90,V120_p95,V10_media,rafaga10_media,rafaga10_p95,alfa_mediana
Ene,4.615,8.822,10.401,3.053,6.574,13.4,0.115
Feb,4.552,8.573,10.186,3.007,6.318,12.7,0.115
Mar,4.334,8.397,9.725,2.814,5.855,12.3,0.124
Abr,4.061,8.01,10.083,2.572,5.139,11.7,0.147
May,3.437,6.605,8.11,2.193,4.344,9.5,0.16
Jun,3.576,7.284,9.595,2.235,4.429,10.1,0.193
Jul,3.48,6.922,9.169,2.197,4.337,9.6,0.181
Ago,4.063,8.344,10.418,2.58,5.086,12.1,0.146
Sep,4.563,9.427,11.165,2.917,5.862,13.9,0.131
Oct,5.013,9.906,11.423,3.294,6.668,15,0.124
Nov,4.947,9.806,11.414,3.272,6.804,14.8,0.118
Dic,5.154,9.757,11.293,3.437,7.231,14.7,0.118
