sector,direccion_deg,frecuencia,V120_media,V120_p90,horas_0–4ms,horas_4–8ms,horas_8–12ms,horas_12–16ms,horas_16–20ms,horas_>20ms
N,0,0.021,1.774,3.011,1730,79,6,1,0,0
NNE,22.5,0.029,2.589,5.39,2136,348,82,1,0,0
NE,45,0.082,4.414,8.981,3943,2151,937,130,0,0
ENE,67.5,0.118,4.808,8.752,4705,4178,1414,66,0,0
E,90,0.1,4.39,7.535,4188,3992,609,13,0,0
ESE,112.5,0.055,3.755,6.503,2831,1893,117,5,0,0
SE,135,0.043,3.198,5.744,2727,1021,60,4,0,0
SSE,157.5,0.036,3.149,5.632,2306,822,54,3,0,0
S,180,0.045,3.442,6.745,2661,1115,186,2,0,0
SSO,202.5,0.062,4.418,8.503,2872,1873,662,32,1,0
SO,225,0.091,5.414,10.322,3369,2733,1632,271,8,0
OSO,247.5,0.088,5.669,11.313,3311,2369,1486,520,37,0
O,270,0.088,5.124,11.154,4024,1957,1183,477,53,0
ONO,292.5,0.067,4.365,9.982,3844,1170,493,271,80,10
NO,315,0.049,3.196,5.034,3431,646,109,70,31,8
NNO,337.5,0.024,2.035,3.338,2023,89,5,6,0,0
