hora_local,V120_media,V120_p90,V10_media,rafaga10_media,rafaga10_p95,alfa_mediana
0,4.64,8.732,2.514,4.699,10.44,0.249
1,4.244,8.07,2.312,4.256,9.7,0.246
2,3.92,7.444,2.154,3.933,9.1,0.244
3,3.67,6.815,2.026,3.715,8.4,0.246
4,3.462,6.277,1.93,3.696,8.1,0.24
5,3.313,6.007,1.859,3.532,7.7,0.246
6,3.194,5.796,1.807,3.476,7.3,0.253
7,3.159,5.661,1.839,3.518,7,0.234
8,3.119,5.508,1.944,3.902,7.44,0.203
9,3.079,5.518,2.126,4.544,8.7,0.13
10,3.175,6.044,2.381,5.373,10.1,0.107
11,3.297,6.46,2.515,6.016,11.6,0.098
12,3.508,7.034,2.742,6.589,12.7,0.095
13,3.847,7.974,3.029,7.127,13.84,0.095
14,4.194,8.673,3.301,7.591,15.2,0.095
15,4.545,9.498,3.565,7.939,16,0.096
16,4.93,10.015,3.836,8.303,16.5,0.099
17,5.295,10.489,4.034,8.377,16.5,0.105
18,5.694,10.761,4.093,8.126,16.2,0.115
19,6.042,10.634,4.021,7.722,15.7,0.134
20,6.233,10.445,3.753,7.169,14.7,0.185
21,6.147,10.289,3.422,6.5,13.44,0.224
22,5.701,9.967,3.121,5.875,12.5,0.234
23,5.146,9.37,2.79,5.258,11.54,0.243
