topologia,diseno,score_en_el_sitio,envergadura_m,superficie_m2,alargamiento,carga_alar_N_m2,masa_kg,LD_crucero,D_crucero_N,turbulencia_extra_pct,D_turbulento_N,v_perdida_ms,margen_vuelo_lento_pct,n_rafaga,margen_perdida_rafaga_pct,margen_estatico_pct
convencional,sin viento (18/09),5.428263492854747,2.9150677308241524,0.9752463655368171,8.71330586360588,75.77074391786037,7.532634313956596,16.8487897053359,4.783566903137309,1.9813220229866688,4.87834476767347,9.016619958877243,59.00280246736544,3.0615124446768975,38.212230605394396,11.510460140506252
convencional,con viento,5.677285013197728,3.2474426251528437,1.1678428205644509,9.030225144992093,67.4853077436429,8.033866681141275,16.08399486308394,5.194586556354015,1.8275944687566108,5.289522532932716,8.351625115451938,98.90249307288374,3.067724028097051,44.89840241842991,15.193652166766123
t_tail,sin viento (18/09),5.334916856775172,3.0014901901605144,0.9866095974510705,9.131213992753183,75.74959912225651,7.618275381966305,16.669121114878784,4.331398870693407,1.7417096234508156,4.406839261654314,9.249140273296025,45.05158360223854,3.1604171849322835,24.03175459081479,13.138000442203337
t_tail,con viento,5.714557424963225,3.1342972224857695,1.1513161058504815,8.532686226625065,66.82264269964051,7.842404156532947,16.214458562155915,4.198650116869081,1.748225193600766,4.272051976003334,8.562923137402603,86.22461175584387,3.0476483449100056,36.52978731553218,14.169408801434772
v_tail,sin viento (18/09),5.65430316789637,2.889330951466734,0.9108853371830635,9.164966221677021,79.7690200042414,7.406771731225889,17.57223491051834,4.137640003202459,1.9840988162506603,4.219734869526713,8.946743704732949,63.19537771602308,3.0916385592193345,32.08482060900567,18.443087148383867
v_tail,con viento,5.964368294824023,3.3587313055943886,1.1046244472036224,10.212589456749797,69.4802665548919,7.82360866817103,17.131555420599867,4.443253860723303,1.8455622163393304,4.525256875152851,8.293828667018978,102.37027997886135,3.2273871564873424,38.36597712964574,13.241972926997223
doble_boom,sin viento (18/09),4.6321414370179586,3.3805343468970017,0.9781067360571599,11.683809188982512,78.79972290459473,7.856731883019548,14.20948440154143,5.592032100976983,1.5098663816469169,5.676464313720539,9.465450603638645,32.07296378168129,3.2571020486306366,29.016451068176192,12.919150333660333
doble_boom,con viento,5.286872937995062,3.4492947463174657,1.2722034244589286,9.351990427186095,66.37654189274102,8.607998358785592,14.432776478511945,5.859597512143391,1.6564449930395118,5.956658521745558,8.666765833889535,79.99404996662793,3.2170966912565535,41.738159776974356,15.596401636727943
pod_boom,sin viento (18/09),5.574680551115202,3.0304739454064924,0.8949675820077951,10.261569824891827,80.01916548984548,7.300158924844913,17.465436594785654,4.073085559364393,1.9097088250829994,4.1508696337447555,9.04230506061694,57.46169636298364,3.2378251899778596,17.152229499387897,13.096792635785873
pod_boom,con viento,5.637039093514592,3.134542737886507,0.9169298613333439,10.715495906469444,78.89005565874531,7.373766340035996,17.11411132288088,4.180447144469079,1.8278186493606168,4.256858137002348,8.980626092418717,61.16243445487699,3.2480128586268195,18.027152295286182,9.994324116718424
